{"MSE": 2.4511458128748314, "_timestamp": 1686322219.376665, "_runtime": 8.967122077941895, "_step": 0, "_wandb": {"runtime": 8}}