{"MSE": 2.453983836538874, "_timestamp": 1686321550.9348087, "_runtime": 13.195957660675049, "_step": 0, "_wandb": {"runtime": 12}}