{"MSE": 2.4491257735450236, "_timestamp": 1686322272.964448, "_runtime": 14.788203001022339, "_step": 0, "_wandb": {"runtime": 14}}