{"MSE": 2.450208468263093, "_timestamp": 1686322172.415996, "_runtime": 13.780109167098999, "_step": 0, "_wandb": {"runtime": 13}}