{"MSE": 2.4506162849348083, "_timestamp": 1686322242.0360172, "_runtime": 14.72650408744812, "_step": 0, "_wandb": {"runtime": 14}}