{"MSE": 2.449304363819353, "_timestamp": 1686322194.485875, "_runtime": 14.947726964950562, "_step": 0, "_wandb": {"runtime": 14}}